{
	"ID": "CONSTRUCTION_MATERIALS_1",
	"Items": [
		{ "ID": 1, "Rarity": 1.0 },
		{ "ID": 3, "Rarity": 1.0 },
		{ "ID": 4, "Rarity": 1.0 },
		{ "ID": 5, "Rarity": 1.0 },
		{ "ID": 12, "Rarity": 1.0 },
		{ "ID": 13, "Rarity": 1.0 },
		{ "ID": 17, "Rarity": 1.0 },
		{ "ID": 20, "Rarity": 1.0 },
		{ "ID": 24, "Rarity": 1.0 },
		{ "ID": 35, "Rarity": 1.0 },
		{ "ID": 44, "Rarity": 1.0 },
		{ "ID": 44, "Metadata": 1, "Rarity": 1.0 },
		{ "ID": 44, "Metadata": 3, "Rarity": 1.0 },
		{ "ID": 44, "Metadata": 5, "Rarity": 1.0 },
		{ "ID": 44, "Metadata": 6, "Rarity": 1.0 },
		{ "ID": 44, "Metadata": 7, "Rarity": 1.0 },
		{ "ID": 45, "Rarity": 1.0 },
		{ "ID": 53, "Rarity": 1.0 },
		{ "ID": 67, "Rarity": 1.0 },
		{ "ID": 82, "Rarity": 1.0 },
		{ "ID": 85, "Rarity": 1.0 },
		{ "ID": 96, "Rarity": 1.0 },
		{ "ID": 98, "Rarity": 1.0 },
		{ "ID": 98, "Metadata": 1, "Rarity": 1.0 },
		{ "ID": 98, "Metadata": 2, "Rarity": 1.0 },
		{ "ID": 98, "Metadata": 3, "Rarity": 1.0 },
		{ "ID": 101, "Rarity": 1.0 },
		{ "ID": 102, "Rarity": 1.0 },
		{ "ID": 107, "Rarity": 1.0 },
		{ "ID": 108, "Rarity": 1.0 },
		{ "ID": 109, "Rarity": 1.0 },
		{ "ID": 126, "Rarity": 1.0 },
		{ "ID": 128, "Rarity": 1.0 },
		{ "ID": 134, "Rarity": 1.0 },
		{ "ID": 135, "Rarity": 1.0 },
		{ "ID": 136, "Rarity": 1.0 },
		{ "ID": 139, "Rarity": 1.0 }
	]
}